topicId,words..
1,science record genealogical statistics airplanes christian reading text chronology commercial
2,business reference modern church construction management small industrial practical boats
3,works pictorial popular engineering code handbook motion clocks watches pictures
4,york architecture army city year construction planes philosophy henry fighter
5,years national complete france park french color furniture hundred mount
6,river valley story roman italian mexico egypt collection fishes identification
7,music marine criticism ships van methods division corps trail theory
8,history seattle wash people sources building natural heritage historic community
9,bibliography biography women revolution public fiction library finance buildings congress
10,art guide catalogs collectors collecting government illustrated politics collections price
11,story alaska california description economic travel guidebooks social aspects conditions
12,states united law legislation infantry regiment constitution court supreme tax
13,pacific northwest historical coast columbia oregon project names plants geography
14,periodicals japanese japan james notes ship index information symbols psychology
15,family descendants families genealogy john allied massachusetts william related ancestors
16,great book medicine british birds catalogue lake medical wood exhibitions
17,books encyclopedia international western laws society system transport general relations
18,american century literature painting maps collection photographs atlas sculpture poetry
19,family including present account records thomas time day times materials
20,guide directories arts juvenile colleges rules student administration aid universities
21,handbook african americans book automobiles systems electric engineering standards black
22,report south europe equipment st study mental cultural planning supplies
23,history england britain union costume ireland fashion london germany soviet
24,life company pennsylvania west cookery cooking trade pioneer middle southern
25,manuals handbooks repair manual maintenance automobile models service cc trucks
26,study china chinese civilization ancient glass worlds engines foreign writing
27,history early making wine kentucky white italy study americas physics
28,exhibitions education island health colonial museum work east ohio schools
29,america north indians indian canada carolina oregon discovery railway territory
30,mass air human town de practice power anatomy cars spanish
31,washington state sound puget region resources mines plan high king
32,war world civil photography operations ii artistic naval german aerial
33,county history biographical sketches iowa biography men illustrations indiana pioneers
34,encyclopedias virginia development africa mathematics house special decoration va drawings
35,design bible gold water railroad coins ages roads car model
36,dictionaries english language dictionary terms mythology russian picture grammar classical
37,history industry military food aircraft technology money events man franklin
